,Domain,Course,Similarity
0,Technical Writing,CSE 101,0.15081341280601918
1,IT & Data Management,CSE 101,0.13097202042117714
2,Technical Solutions,CSE 101,0.12907932065427302
3,People Operations,CSE 101,0.12528210636228324
4,Data Center & Network,CSE 101,0.12405133610591293
5,Program Management,CSE 101,0.1143533137626946
6,Hardware Engineering,CSE 101,0.11044166630599647
7,Legal & Government Relations,CSE 101,0.10748382341116666
8,User Experience & Design,CSE 101,0.1010748129338026
9,Software Engineering,CSE 101,0.09357233732007444
10,Business Strategy,CSE 101,0.09131933483295143
11,Technical Infrastructure,CSE 101,0.08773957057856023
12,Partnerships,CSE 101,0.08656794594135135
13,Real Estate & Workplace Services,CSE 101,0.08656794594135135
14,Marketing & Communications,CSE 101,0.08064049910753965
15,Network Engineering,CSE 101,0.07508278388995678
16,Administrative,CSE 101,0.07306411620229483
17,Finance,CSE 101,0.07278785303496989
18,Sales Operations,CSE 101,0.0683011869667098
19,Manufacturing & Supply Chain,CSE 101,0.0653622719226405
20,Product & Customer Support,CSE 101,0.052731239004060626
21,Sales & Account Management,CSE 101,0.03554539888864383
22,Developer Relations,CSE 101,0.02977759065106511
23,Technical Writing,CSE 114,0.12870995715064437
24,Hardware Engineering,CSE 114,0.10841174526017551
25,Legal & Government Relations,CSE 114,0.10531717212870717
26,Business Strategy,CSE 114,0.09702710518123288
27,User Experience & Design,CSE 114,0.09625698008427494
28,Partnerships,CSE 114,0.09151974673333921
29,Real Estate & Workplace Services,CSE 114,0.09151974673333921
30,Technical Infrastructure,CSE 114,0.08979132588903763
31,Data Center & Network,CSE 114,0.08515149640458587
32,IT & Data Management,CSE 114,0.08146255164358177
33,Software Engineering,CSE 114,0.07984393516457394
34,Program Management,CSE 114,0.07936045383777175
35,Finance,CSE 114,0.07886252591484472
36,Technical Solutions,CSE 114,0.07845393538867172
37,People Operations,CSE 114,0.062124411379428285
38,Network Engineering,CSE 114,0.05835652856254264
39,Marketing & Communications,CSE 114,0.056475330732370675
40,Product & Customer Support,CSE 114,0.053947457602541694
41,Sales Operations,CSE 114,0.04800455487872425
42,Administrative,CSE 114,0.03920406150312996
43,Sales & Account Management,CSE 114,0.03577788794217141
44,Manufacturing & Supply Chain,CSE 114,0.033439844184996265
45,Developer Relations,CSE 114,0.025637230688804073
46,IT & Data Management,CSE 214,0.12876051628263668
47,Business Strategy,CSE 214,0.12293365998193621
48,Hardware Engineering,CSE 214,0.11655915149021893
49,Technical Writing,CSE 214,0.11163565455935895
50,Data Center & Network,CSE 214,0.11128544509410858
51,User Experience & Design,CSE 214,0.10881577786058187
52,Partnerships,CSE 214,0.09801590609713458
53,Real Estate & Workplace Services,CSE 214,0.09801590609713458
54,Technical Solutions,CSE 214,0.09454596175346523
55,Program Management,CSE 214,0.09250190716702492
56,Legal & Government Relations,CSE 214,0.09174152063205838
57,Marketing & Communications,CSE 214,0.09170076623558998
58,People Operations,CSE 214,0.08174642066587694
59,Software Engineering,CSE 214,0.07698058793321252
60,Network Engineering,CSE 214,0.07693596652243287
61,Finance,CSE 214,0.07676389109983575
62,Technical Infrastructure,CSE 214,0.06989846918149852
63,Product & Customer Support,CSE 214,0.06932962220162153
64,Manufacturing & Supply Chain,CSE 214,0.06396964287851006
65,Administrative,CSE 214,0.05209709974005818
66,Sales Operations,CSE 214,0.03573312747757882
67,Developer Relations,CSE 214,0.03395156390033662
68,Sales & Account Management,CSE 214,0.020143634651321917
69,Technical Writing,CSE 215,0.15063307822371522
70,Hardware Engineering,CSE 215,0.14897697620714703
71,User Experience & Design,CSE 215,0.14101842356224856
72,IT & Data Management,CSE 215,0.14005688169143266
73,Legal & Government Relations,CSE 215,0.130292562664383
74,Technical Solutions,CSE 215,0.12210646085441113
75,Business Strategy,CSE 215,0.12149775493890047
76,Data Center & Network,CSE 215,0.11033152109141359
77,Partnerships,CSE 215,0.10109591039104594
78,Real Estate & Workplace Services,CSE 215,0.10109591039104594
79,Program Management,CSE 215,0.09773908942265229
80,Finance,CSE 215,0.09156154552733319
81,People Operations,CSE 215,0.08611971740093496
82,Software Engineering,CSE 215,0.08390179810602502
83,Network Engineering,CSE 215,0.0768230427056551
84,Marketing & Communications,CSE 215,0.07665980079521735
85,Product & Customer Support,CSE 215,0.06974334311154154
86,Technical Infrastructure,CSE 215,0.06953879168981479
87,Administrative,CSE 215,0.06604762641816503
88,Manufacturing & Supply Chain,CSE 215,0.06353423669416872
89,Developer Relations,CSE 215,0.0499471467660947
90,Sales Operations,CSE 215,0.044255038619869284
91,Sales & Account Management,CSE 215,0.03840060754575663
92,Hardware Engineering,CSE 216,0.15174894407391548
93,IT & Data Management,CSE 216,0.1402858059025473
94,People Operations,CSE 216,0.13022157777514723
95,Technical Writing,CSE 216,0.12777354894205928
96,Technical Solutions,CSE 216,0.11586862781809436
97,Data Center & Network,CSE 216,0.11411553931732972
98,User Experience & Design,CSE 216,0.11322349302160244
99,Software Engineering,CSE 216,0.109376565579118
100,Network Engineering,CSE 216,0.10511041137700279
101,Marketing & Communications,CSE 216,0.09775027963850233
102,Partnerships,CSE 216,0.09419886612643798
103,Real Estate & Workplace Services,CSE 216,0.09419886612643798
104,Business Strategy,CSE 216,0.09375512781035569
105,Program Management,CSE 216,0.09196013460556667
106,Finance,CSE 216,0.0916989849259456
107,Manufacturing & Supply Chain,CSE 216,0.08804407133720815
108,Legal & Government Relations,CSE 216,0.0875095908737017
109,Product & Customer Support,CSE 216,0.0768049761859907
110,Technical Infrastructure,CSE 216,0.07396513671200308
111,Administrative,CSE 216,0.059293491882272065
112,Sales Operations,CSE 216,0.04747773934569624
113,Developer Relations,CSE 216,0.04623033473682073
114,Sales & Account Management,CSE 216,0.024656614754348993
115,Hardware Engineering,CSE 220,0.1869570489041507
116,Finance,CSE 220,0.14687529858201742
117,Technical Solutions,CSE 220,0.1439929472282529
118,Technical Writing,CSE 220,0.13212930765002967
119,Partnerships,CSE 220,0.1227130139246583
120,Real Estate & Workplace Services,CSE 220,0.1227130139246583
121,IT & Data Management,CSE 220,0.12061120779253542
122,Program Management,CSE 220,0.11982722524553538
123,Data Center & Network,CSE 220,0.11796937766484916
124,Network Engineering,CSE 220,0.1138250244781375
125,User Experience & Design,CSE 220,0.10814635787974111
126,Technical Infrastructure,CSE 220,0.10268579369876533
127,Marketing & Communications,CSE 220,0.09691773494705558
128,Software Engineering,CSE 220,0.0951166714541614
129,People Operations,CSE 220,0.09356577061116696
130,Legal & Government Relations,CSE 220,0.08947365150088445
131,Manufacturing & Supply Chain,CSE 220,0.08221289271023124
132,Business Strategy,CSE 220,0.07804962310474366
133,Product & Customer Support,CSE 220,0.07164467451802921
134,Administrative,CSE 220,0.07002998393436428
135,Sales Operations,CSE 220,0.06837048328015953
136,Sales & Account Management,CSE 220,0.047243272252671886
137,Developer Relations,CSE 220,0.046820511622354385
138,Program Management,CSE 300,0.1300522322382997
139,IT & Data Management,CSE 300,0.12026540992562385
140,Data Center & Network,CSE 300,0.11482160735656233
141,Legal & Government Relations,CSE 300,0.11286149425979923
142,User Experience & Design,CSE 300,0.10185074181679417
143,Technical Writing,CSE 300,0.0992516551495475
144,Partnerships,CSE 300,0.09617437454118558
145,Real Estate & Workplace Services,CSE 300,0.09617437454118558
146,Software Engineering,CSE 300,0.09452481252853484
147,Technical Solutions,CSE 300,0.0928472438827157
148,Marketing & Communications,CSE 300,0.09098878174143679
149,Network Engineering,CSE 300,0.09065901164842002
150,Finance,CSE 300,0.08400436739697505
151,Hardware Engineering,CSE 300,0.08353456046760958
152,Technical Infrastructure,CSE 300,0.07959816593895941
153,Business Strategy,CSE 300,0.0776999042410513
154,Manufacturing & Supply Chain,CSE 300,0.07107990484356004
155,People Operations,CSE 300,0.07038557096658384
156,Sales Operations,CSE 300,0.06355266629115623
157,Administrative,CSE 300,0.04528943493085749
158,Sales & Account Management,CSE 300,0.037912224905620164
159,Product & Customer Support,CSE 300,0.03267245876657612
160,Developer Relations,CSE 300,0.004382463391212856
161,Hardware Engineering,CSE 301,0.17688797984737903
162,Network Engineering,CSE 301,0.1529885945492424
163,Technical Writing,CSE 301,0.13582231249893084
164,Program Management,CSE 301,0.13074679719284177
165,Technical Solutions,CSE 301,0.12879492668434978
166,Data Center & Network,CSE 301,0.127551752688305
167,User Experience & Design,CSE 301,0.11327746568713337
168,IT & Data Management,CSE 301,0.11247719787024835
169,Business Strategy,CSE 301,0.10850715939886868
170,Partnerships,CSE 301,0.09512252041895408
171,Real Estate & Workplace Services,CSE 301,0.09512252041895408
172,People Operations,CSE 301,0.08914830129651818
173,Technical Infrastructure,CSE 301,0.0876143956265878
174,Marketing & Communications,CSE 301,0.08749288690160029
175,Software Engineering,CSE 301,0.08670922322198749
176,Finance,CSE 301,0.08177737213554792
177,Legal & Government Relations,CSE 301,0.08064725820440799
178,Product & Customer Support,CSE 301,0.07919730257708579
179,Manufacturing & Supply Chain,CSE 301,0.0715897344489349
180,Developer Relations,CSE 301,0.058115154504776
181,Administrative,CSE 301,0.05709259363356978
182,Sales Operations,CSE 301,0.052283560658906936
183,Sales & Account Management,CSE 301,0.025971015769755468
184,Legal & Government Relations,CSE 303,0.14014771273359655
185,User Experience & Design,CSE 303,0.12472551995888352
186,IT & Data Management,CSE 303,0.11361534232273698
187,Technical Writing,CSE 303,0.11251960932277143
188,Data Center & Network,CSE 303,0.1050750087480992
189,Software Engineering,CSE 303,0.10402421057224273
190,Program Management,CSE 303,0.10364987999200821
191,Hardware Engineering,CSE 303,0.10095852091908455
192,Business Strategy,CSE 303,0.09966057455167174
193,Partnerships,CSE 303,0.09619377656490542
194,Real Estate & Workplace Services,CSE 303,0.09619377656490542
195,Finance,CSE 303,0.08892693821107969
196,Technical Solutions,CSE 303,0.0873740741983056
197,Technical Infrastructure,CSE 303,0.08557490187231451
198,People Operations,CSE 303,0.08013782873749734
199,Network Engineering,CSE 303,0.06943034124560654
200,Manufacturing & Supply Chain,CSE 303,0.06880424350965768
201,Marketing & Communications,CSE 303,0.06776564866304398
202,Product & Customer Support,CSE 303,0.061603255849331615
203,Sales Operations,CSE 303,0.0457160898251459
204,Administrative,CSE 303,0.04302961333887652
205,Developer Relations,CSE 303,0.028895100019872187
206,Sales & Account Management,CSE 303,0.02320726034231484
207,Technical Writing,CSE 304,0.13686279955283298
208,IT & Data Management,CSE 304,0.13411438646481225
209,Technical Solutions,CSE 304,0.12107857434373152
210,Hardware Engineering,CSE 304,0.1147972923017254
211,Business Strategy,CSE 304,0.11413784256499064
212,Data Center & Network,CSE 304,0.11114847836525817
213,User Experience & Design,CSE 304,0.1052256043093573
214,Administrative,CSE 304,0.1011022949885381
215,Program Management,CSE 304,0.09114975536144093
216,Partnerships,CSE 304,0.08523454776303352
217,Real Estate & Workplace Services,CSE 304,0.08523454776303352
218,Legal & Government Relations,CSE 304,0.07958797198769293
219,Marketing & Communications,CSE 304,0.07363918855002052
220,Software Engineering,CSE 304,0.0681161442771554
221,Network Engineering,CSE 304,0.0648538701138214
222,Sales & Account Management,CSE 304,0.06441930284429538
223,Finance,CSE 304,0.0637080532615073
224,People Operations,CSE 304,0.06291462462640514
225,Technical Infrastructure,CSE 304,0.062113962699904254
226,Sales Operations,CSE 304,0.062046892548862254
227,Manufacturing & Supply Chain,CSE 304,0.054849357148142236
228,Product & Customer Support,CSE 304,0.04704289592949575
229,Developer Relations,CSE 304,0.03809235161660533
230,Hardware Engineering,CSE 306,0.1749522764649656
231,Technical Writing,CSE 306,0.16448441525507304
232,User Experience & Design,CSE 306,0.14264871490498385
233,Technical Solutions,CSE 306,0.1407722406503227
234,Data Center & Network,CSE 306,0.13757154987090164
235,IT & Data Management,CSE 306,0.134347436328729
236,Program Management,CSE 306,0.13308487915330464
237,Partnerships,CSE 306,0.12851794943627384
238,Real Estate & Workplace Services,CSE 306,0.12851794943627384
239,Finance,CSE 306,0.12342102442764574
240,Technical Infrastructure,CSE 306,0.12172163924616244
241,Network Engineering,CSE 306,0.12038455712091592
242,Marketing & Communications,CSE 306,0.11805635157765614
243,Software Engineering,CSE 306,0.11100341938436031
244,Business Strategy,CSE 306,0.08916168654751447
245,People Operations,CSE 306,0.0887236874550581
246,Manufacturing & Supply Chain,CSE 306,0.08525587926204833
247,Legal & Government Relations,CSE 306,0.07269711976146533
248,Administrative,CSE 306,0.06417411451628949
249,Product & Customer Support,CSE 306,0.06296089585197882
250,Sales & Account Management,CSE 306,0.05890802159168137
251,Developer Relations,CSE 306,0.05783011829286503
252,Sales Operations,CSE 306,0.05571765588441243
253,Data Center & Network,CSE 307,0.11703797327354551
254,User Experience & Design,CSE 307,0.1145465636625886
255,IT & Data Management,CSE 307,0.11334984321147204
256,Technical Solutions,CSE 307,0.10554264355450868
257,Technical Writing,CSE 307,0.10427243211306632
258,Partnerships,CSE 307,0.09921521162868885
259,Real Estate & Workplace Services,CSE 307,0.09921521162868885
260,Hardware Engineering,CSE 307,0.09415877923602238
261,Program Management,CSE 307,0.09393949143122882
262,Legal & Government Relations,CSE 307,0.08637323076836764
263,Technical Infrastructure,CSE 307,0.08204657933674753
264,Software Engineering,CSE 307,0.07985218925750814
265,Administrative,CSE 307,0.0744636708550388
266,Marketing & Communications,CSE 307,0.07403645645827055
267,Network Engineering,CSE 307,0.07350293076597154
268,Finance,CSE 307,0.07099434828851373
269,Business Strategy,CSE 307,0.07042404217645526
270,People Operations,CSE 307,0.07036945009604097
271,Manufacturing & Supply Chain,CSE 307,0.06189528529066592
272,Product & Customer Support,CSE 307,0.05446614579996094
273,Sales Operations,CSE 307,0.050368235365021975
274,Sales & Account Management,CSE 307,0.03777273546438664
275,Developer Relations,CSE 307,0.015566174453124405
276,Network Engineering,CSE 310,0.21208931165747344
277,Hardware Engineering,CSE 310,0.17480959389358758
278,Program Management,CSE 310,0.12333738296292722
279,Technical Writing,CSE 310,0.12048727618530393
280,Finance,CSE 310,0.11036699134856462
281,Technical Solutions,CSE 310,0.10998057033866644
282,Marketing & Communications,CSE 310,0.1081266822759062
283,IT & Data Management,CSE 310,0.10686412559589371
284,Product & Customer Support,CSE 310,0.10529005071148276
285,Partnerships,CSE 310,0.10519242482259869
286,Real Estate & Workplace Services,CSE 310,0.10519242482259869
287,Business Strategy,CSE 310,0.10208301325328648
288,Technical Infrastructure,CSE 310,0.09422410859260708
289,Data Center & Network,CSE 310,0.09116202075965703
290,User Experience & Design,CSE 310,0.0869580106344074
291,Legal & Government Relations,CSE 310,0.0866240686737001
292,Software Engineering,CSE 310,0.08178900703787803
293,People Operations,CSE 310,0.07813982050865889
294,Developer Relations,CSE 310,0.06420233807293699
295,Manufacturing & Supply Chain,CSE 310,0.0596541445935145
296,Administrative,CSE 310,0.054655213106889276
297,Sales Operations,CSE 310,0.05417854283004999
298,Sales & Account Management,CSE 310,0.029369221649540124
299,Hardware Engineering,CSE 311,0.28516707240810824
300,Network Engineering,CSE 311,0.1974353890141679
301,Technical Writing,CSE 311,0.18079664713392654
302,Marketing & Communications,CSE 311,0.15073402978790304
303,Partnerships,CSE 311,0.1502408123924397
304,Real Estate & Workplace Services,CSE 311,0.1502408123924397
305,Program Management,CSE 311,0.14974306968765128
306,Technical Solutions,CSE 311,0.14173410382742682
307,Business Strategy,CSE 311,0.1278371516511672
308,Data Center & Network,CSE 311,0.12565002704246175
309,IT & Data Management,CSE 311,0.12189455149281356
310,Product & Customer Support,CSE 311,0.11904088231838411
311,Software Engineering,CSE 311,0.1164285774446196
312,Finance,CSE 311,0.11090873786856213
313,User Experience & Design,CSE 311,0.10950184251285261
314,Technical Infrastructure,CSE 311,0.10948017834582263
315,Manufacturing & Supply Chain,CSE 311,0.09548290686992307
316,People Operations,CSE 311,0.08201936146037446
317,Developer Relations,CSE 311,0.08155708485800359
318,Legal & Government Relations,CSE 311,0.08108038051674764
319,Sales Operations,CSE 311,0.05725992802116606
320,Administrative,CSE 311,0.05226536976988427
321,Sales & Account Management,CSE 311,0.049728116667312056
322,Legal & Government Relations,CSE 312,0.14701718856629573
323,Program Management,CSE 312,0.138981552108338
324,Data Center & Network,CSE 312,0.13842157313698217
325,User Experience & Design,CSE 312,0.12869683371268606
326,Software Engineering,CSE 312,0.10890455602815277
327,IT & Data Management,CSE 312,0.10753633111323181
328,Hardware Engineering,CSE 312,0.107313698402753
329,Partnerships,CSE 312,0.10729693126325544
330,Real Estate & Workplace Services,CSE 312,0.10729693126325544
331,Technical Writing,CSE 312,0.10276817123552687
332,Technical Solutions,CSE 312,0.10031056904086941
333,Technical Infrastructure,CSE 312,0.09818910839232176
334,Marketing & Communications,CSE 312,0.09726626720083387
335,People Operations,CSE 312,0.09401308803966171
336,Network Engineering,CSE 312,0.090157587988008
337,Finance,CSE 312,0.0894983658371003
338,Business Strategy,CSE 312,0.08875149106116671
339,Manufacturing & Supply Chain,CSE 312,0.07444494651434452
340,Product & Customer Support,CSE 312,0.07378242596199638
341,Sales Operations,CSE 312,0.07335052060845651
342,Administrative,CSE 312,0.045566264343889135
343,Sales & Account Management,CSE 312,0.03252231091334436
344,Developer Relations,CSE 312,-0.00930947403570539
345,Hardware Engineering,CSE 316,0.14892483344301582
346,Data Center & Network,CSE 316,0.14591907216235994
347,Finance,CSE 316,0.14500434454530478
348,Technical Writing,CSE 316,0.13769544898532332
349,Partnerships,CSE 316,0.13723936348687857
350,Real Estate & Workplace Services,CSE 316,0.13723936348687857
351,Technical Solutions,CSE 316,0.1356151247629896
352,Technical Infrastructure,CSE 316,0.1315451035508886
353,Program Management,CSE 316,0.12200258737429977
354,IT & Data Management,CSE 316,0.12089251049328595
355,Software Engineering,CSE 316,0.11615273961797357
356,User Experience & Design,CSE 316,0.10857452317140996
357,Network Engineering,CSE 316,0.10327609835658222
358,People Operations,CSE 316,0.10305952746421099
359,Product & Customer Support,CSE 316,0.09257980133406818
360,Marketing & Communications,CSE 316,0.08816314479336143
361,Sales Operations,CSE 316,0.086457259953022
362,Legal & Government Relations,CSE 316,0.08302281327778474
363,Manufacturing & Supply Chain,CSE 316,0.08059280866291374
364,Business Strategy,CSE 316,0.0702173198456876
365,Sales & Account Management,CSE 316,0.06255396955675678
366,Administrative,CSE 316,0.05995233898283914
367,Developer Relations,CSE 316,0.030278444336727262
368,User Experience & Design,CSE 320,0.1409890611190349
369,Technical Writing,CSE 320,0.11762945551163284
370,Data Center & Network,CSE 320,0.11758637437596917
371,Hardware Engineering,CSE 320,0.11406356368679553
372,Program Management,CSE 320,0.11385062406770885
373,Legal & Government Relations,CSE 320,0.10942331552505494
374,Software Engineering,CSE 320,0.10518047786317766
375,Partnerships,CSE 320,0.10115994125953875
376,Real Estate & Workplace Services,CSE 320,0.10115994125953875
377,Marketing & Communications,CSE 320,0.09611190049909055
378,Finance,CSE 320,0.0941496867191745
379,Technical Infrastructure,CSE 320,0.09375028517097235
380,Technical Solutions,CSE 320,0.09172136872075498
381,People Operations,CSE 320,0.0900847401469946
382,IT & Data Management,CSE 320,0.08608835604973138
383,Administrative,CSE 320,0.08252855345781426
384,Business Strategy,CSE 320,0.07614265759475529
385,Network Engineering,CSE 320,0.06989660318940878
386,Sales Operations,CSE 320,0.06928606290603057
387,Manufacturing & Supply Chain,CSE 320,0.06817248912993819
388,Sales & Account Management,CSE 320,0.06403726667631418
389,Product & Customer Support,CSE 320,0.05436452222056687
390,Developer Relations,CSE 320,0.01152887288480997
391,Technical Solutions,CSE 325,0.1613380515947938
392,Data Center & Network,CSE 325,0.15798290064558387
393,Hardware Engineering,CSE 325,0.14768317642156034
394,Program Management,CSE 325,0.129043058026582
395,IT & Data Management,CSE 325,0.12590118111111223
396,Network Engineering,CSE 325,0.10939732741098851
397,User Experience & Design,CSE 325,0.10883903661742807
398,Marketing & Communications,CSE 325,0.10338010787963867
399,Technical Writing,CSE 325,0.0992653044173494
400,Partnerships,CSE 325,0.09178444719291293
401,Real Estate & Workplace Services,CSE 325,0.09178444719291293
402,Business Strategy,CSE 325,0.09009420722723008
403,Technical Infrastructure,CSE 325,0.08066178816370666
404,Software Engineering,CSE 325,0.06617156723514199
405,Product & Customer Support,CSE 325,0.06454035211354495
406,Legal & Government Relations,CSE 325,0.06308972435072065
407,People Operations,CSE 325,0.06290390631475021
408,Finance,CSE 325,0.05998493376828264
409,Manufacturing & Supply Chain,CSE 325,0.057486903457902375
410,Administrative,CSE 325,0.05625820579443826
411,Sales Operations,CSE 325,0.053417735593393446
412,Sales & Account Management,CSE 325,0.03383769122883677
413,Developer Relations,CSE 325,0.019205482274992393
414,IT & Data Management,CSE 327,0.14748589197794595
415,Hardware Engineering,CSE 327,0.1266253748140621
416,User Experience & Design,CSE 327,0.11045411798275179
417,Data Center & Network,CSE 327,0.10898954633416401
418,Technical Writing,CSE 327,0.1056854458939698
419,Program Management,CSE 327,0.10082648627253042
420,Legal & Government Relations,CSE 327,0.09646464234942363
421,Technical Solutions,CSE 327,0.0959363513522678
422,Finance,CSE 327,0.09470786414264391
423,Marketing & Communications,CSE 327,0.09221662715491322
424,Network Engineering,CSE 327,0.0918872268359539
425,Technical Infrastructure,CSE 327,0.08933746206781103
426,Business Strategy,CSE 327,0.08686800859868526
427,Software Engineering,CSE 327,0.08606422920193937
428,Partnerships,CSE 327,0.0847742172384945
429,Real Estate & Workplace Services,CSE 327,0.0847742172384945
430,People Operations,CSE 327,0.07262557517323229
431,Product & Customer Support,CSE 327,0.06303333480738932
432,Manufacturing & Supply Chain,CSE 327,0.057650976788459554
433,Sales Operations,CSE 327,0.04713041213754979
434,Sales & Account Management,CSE 327,0.03481217323698931
435,Developer Relations,CSE 327,0.03433896963381105
436,Administrative,CSE 327,0.024424507405557152
437,Hardware Engineering,CSE 328,0.16447716106195004
438,IT & Data Management,CSE 328,0.12241437342017888
439,Technical Solutions,CSE 328,0.1178808182477951
440,Technical Writing,CSE 328,0.11623086356557906
441,Data Center & Network,CSE 328,0.11125360727310181
442,Program Management,CSE 328,0.10868208822794259
443,Finance,CSE 328,0.10366492457687855
444,Partnerships,CSE 328,0.10168175157159567
445,Real Estate & Workplace Services,CSE 328,0.10168175157159567
446,Network Engineering,CSE 328,0.10123155207838863
447,Marketing & Communications,CSE 328,0.09594029262661934
448,Legal & Government Relations,CSE 328,0.09115284602157772
449,User Experience & Design,CSE 328,0.0905851743707899
450,Business Strategy,CSE 328,0.0869117095018737
451,Software Engineering,CSE 328,0.0845097886864096
452,Technical Infrastructure,CSE 328,0.08401426455820911
453,People Operations,CSE 328,0.0741445004940033
454,Manufacturing & Supply Chain,CSE 328,0.07392343201208859
455,Product & Customer Support,CSE 328,0.06146230511367321
456,Administrative,CSE 328,0.053248223254922775
457,Sales Operations,CSE 328,0.04606859725899994
458,Developer Relations,CSE 328,0.03978191270725802
459,Sales & Account Management,CSE 328,0.03501068740151823
460,Hardware Engineering,CSE 331,0.16853196222800762
461,Technical Writing,CSE 331,0.15440874123014509
462,User Experience & Design,CSE 331,0.13928155396133662
463,Network Engineering,CSE 331,0.13863068383652716
464,Program Management,CSE 331,0.13836647775024175
465,IT & Data Management,CSE 331,0.13024231046438217
466,Data Center & Network,CSE 331,0.1268302590586245
467,Technical Solutions,CSE 331,0.12249576933681965
468,Technical Infrastructure,CSE 331,0.11120722298510373
469,Partnerships,CSE 331,0.10241116922697983
470,Real Estate & Workplace Services,CSE 331,0.10241116922697983
471,Marketing & Communications,CSE 331,0.10189084308221937
472,Business Strategy,CSE 331,0.10181868677027524
473,Finance,CSE 331,0.10018323561816941
474,Legal & Government Relations,CSE 331,0.09766928870230913
475,Software Engineering,CSE 331,0.07941241902299226
476,People Operations,CSE 331,0.07754333467237302
477,Product & Customer Support,CSE 331,0.0740191750228405
478,Manufacturing & Supply Chain,CSE 331,0.07190349602606147
479,Sales Operations,CSE 331,0.06598824124084786
480,Administrative,CSE 331,0.0590859107876895
481,Sales & Account Management,CSE 331,0.05068899202160537
482,Developer Relations,CSE 331,0.025157668383326382
483,IT & Data Management,CSE 332,0.15286336861112537
484,Program Management,CSE 332,0.14059462420204105
485,User Experience & Design,CSE 332,0.13718301715219722
486,Partnerships,CSE 332,0.13108304866096554
487,Real Estate & Workplace Services,CSE 332,0.13108304866096554
488,Technical Solutions,CSE 332,0.12618166679406867
489,Data Center & Network,CSE 332,0.1248601821853834
490,Legal & Government Relations,CSE 332,0.11439224929713152
491,Business Strategy,CSE 332,0.1134094297338058
492,Hardware Engineering,CSE 332,0.10600732929785461
493,Technical Writing,CSE 332,0.10194534413954791
494,Finance,CSE 332,0.10160097950959907
495,People Operations,CSE 332,0.10052430103806888
496,Marketing & Communications,CSE 332,0.09850928998168777
497,Product & Customer Support,CSE 332,0.09706468263860135
498,Software Engineering,CSE 332,0.09612142415169407
499,Network Engineering,CSE 332,0.09188105817884207
500,Manufacturing & Supply Chain,CSE 332,0.07970602769295082
501,Technical Infrastructure,CSE 332,0.07497573947972234
502,Sales Operations,CSE 332,0.06873475891702316
503,Administrative,CSE 332,0.06513828570057419
504,Sales & Account Management,CSE 332,0.0623120885780629
505,Developer Relations,CSE 332,0.02734431454583126
506,Hardware Engineering,CSE 333,0.1928814947605133
507,Network Engineering,CSE 333,0.15307799859070464
508,Marketing & Communications,CSE 333,0.15157952140036382
509,Technical Solutions,CSE 333,0.15033415920640292
510,Data Center & Network,CSE 333,0.14538652959622836
511,Program Management,CSE 333,0.13906395984323403
512,Partnerships,CSE 333,0.13274737388679855
513,Real Estate & Workplace Services,CSE 333,0.13274737388679855
514,User Experience & Design,CSE 333,0.13056092001007577
515,Technical Writing,CSE 333,0.12936914540631206
516,Technical Infrastructure,CSE 333,0.12755375710855188
517,IT & Data Management,CSE 333,0.1272021071789296
518,Software Engineering,CSE 333,0.10133720510394166
519,Finance,CSE 333,0.09813917055726051
520,Legal & Government Relations,CSE 333,0.09118364721928772
521,People Operations,CSE 333,0.08508711886641226
522,Product & Customer Support,CSE 333,0.0820527351216266
523,Manufacturing & Supply Chain,CSE 333,0.08180747992408119
524,Business Strategy,CSE 333,0.07920802553723517
525,Sales & Account Management,CSE 333,0.06958905244736295
526,Sales Operations,CSE 333,0.06779410925350692
527,Developer Relations,CSE 333,0.06282357314270676
528,Administrative,CSE 333,0.0450615513285524
529,Hardware Engineering,CSE 334,0.13690391122363507
530,Network Engineering,CSE 334,0.1328759345691651
531,IT & Data Management,CSE 334,0.1270446741953492
532,User Experience & Design,CSE 334,0.10778538966551424
533,Finance,CSE 334,0.1077213759534061
534,Data Center & Network,CSE 334,0.10418875841423869
535,Partnerships,CSE 334,0.09904593089595437
536,Real Estate & Workplace Services,CSE 334,0.09904593089595437
537,Technical Infrastructure,CSE 334,0.09463293072767556
538,Program Management,CSE 334,0.08998655522009358
539,Manufacturing & Supply Chain,CSE 334,0.08921083451714366
540,Technical Solutions,CSE 334,0.08861871175467968
541,People Operations,CSE 334,0.08276024139486253
542,Marketing & Communications,CSE 334,0.08034099890501238
543,Software Engineering,CSE 334,0.079718191025313
544,Technical Writing,CSE 334,0.0738148869597353
545,Legal & Government Relations,CSE 334,0.07332307863980532
546,Product & Customer Support,CSE 334,0.06976529052481055
547,Business Strategy,CSE 334,0.06695786793134176
548,Sales & Account Management,CSE 334,0.06502366526983679
549,Administrative,CSE 334,0.057401766965631394
550,Sales Operations,CSE 334,0.05420010723173618
551,Developer Relations,CSE 334,0.03346996009349823
552,Partnerships,CSE 337,0.1582830629122327
553,Real Estate & Workplace Services,CSE 337,0.1582830629122327
554,IT & Data Management,CSE 337,0.14139724057167768
555,Program Management,CSE 337,0.14098914836358745
556,Data Center & Network,CSE 337,0.1395006764214486
557,Technical Writing,CSE 337,0.1392202021961566
558,Software Engineering,CSE 337,0.12834616511827335
559,Technical Solutions,CSE 337,0.11996512694167905
560,Hardware Engineering,CSE 337,0.1189992043946404
561,User Experience & Design,CSE 337,0.11852209665812552
562,Marketing & Communications,CSE 337,0.1119779956061393
563,Finance,CSE 337,0.10475574206429883
564,Business Strategy,CSE 337,0.0993614177859854
565,Network Engineering,CSE 337,0.09815266687292024
566,Technical Infrastructure,CSE 337,0.09481561643769965
567,Legal & Government Relations,CSE 337,0.09151305961131584
568,People Operations,CSE 337,0.08774604366044514
569,Product & Customer Support,CSE 337,0.07546495681162924
570,Manufacturing & Supply Chain,CSE 337,0.07296072770259343
571,Administrative,CSE 337,0.07043290266301483
572,Sales & Account Management,CSE 337,0.06386643173755147
573,Sales Operations,CSE 337,0.05204692803090438
574,Developer Relations,CSE 337,0.034228427946800366
575,User Experience & Design,CSE 351,0.16474988673101454
576,IT & Data Management,CSE 351,0.1259219324325814
577,Hardware Engineering,CSE 351,0.12253305633716724
578,Program Management,CSE 351,0.12233668434269288
579,Data Center & Network,CSE 351,0.11764819317442529
580,Technical Solutions,CSE 351,0.11441629840170636
581,Legal & Government Relations,CSE 351,0.11418418394511237
582,Technical Writing,CSE 351,0.11171767796108992
583,People Operations,CSE 351,0.10604534495402784
584,Partnerships,CSE 351,0.10333084194537472
585,Real Estate & Workplace Services,CSE 351,0.10333084194537472
586,Marketing & Communications,CSE 351,0.0989988974898177
587,Business Strategy,CSE 351,0.0966739802456954
588,Technical Infrastructure,CSE 351,0.09623417491093278
589,Finance,CSE 351,0.0924582791459911
590,Sales & Account Management,CSE 351,0.08864246779943213
591,Manufacturing & Supply Chain,CSE 351,0.08772073009544436
592,Software Engineering,CSE 351,0.08623905241919975
593,Network Engineering,CSE 351,0.08557805402533096
594,Sales Operations,CSE 351,0.08547752394395716
595,Administrative,CSE 351,0.07718370158588239
596,Product & Customer Support,CSE 351,0.07018155725125004
597,Developer Relations,CSE 351,0.014025837549364524
598,IT & Data Management,CSE 352,0.14535340117290615
599,User Experience & Design,CSE 352,0.1437279854901135
600,Technical Solutions,CSE 352,0.11999393336009234
601,Program Management,CSE 352,0.11919195046648383
602,Data Center & Network,CSE 352,0.11623466275632381
603,Technical Writing,CSE 352,0.11142958833370357
604,Hardware Engineering,CSE 352,0.10962565096560865
605,Legal & Government Relations,CSE 352,0.1081363839097321
606,Business Strategy,CSE 352,0.10583304346073419
607,Technical Infrastructure,CSE 352,0.09470264301635326
608,Partnerships,CSE 352,0.09027606647578068
609,Real Estate & Workplace Services,CSE 352,0.09027606647578068
610,People Operations,CSE 352,0.08873661868274212
611,Finance,CSE 352,0.08425960442691575
612,Sales Operations,CSE 352,0.08349945012014359
613,Administrative,CSE 352,0.07876034388318658
614,Network Engineering,CSE 352,0.07692924006842077
615,Software Engineering,CSE 352,0.0733234744053334
616,Manufacturing & Supply Chain,CSE 352,0.07177301028277724
617,Marketing & Communications,CSE 352,0.06327363182790577
618,Product & Customer Support,CSE 352,0.06098131136677694
619,Sales & Account Management,CSE 352,0.060967403382528575
620,Developer Relations,CSE 352,0.01158462495659478
621,Partnerships,CSE 353,0.1602317990735173
622,Real Estate & Workplace Services,CSE 353,0.1602317990735173
623,Program Management,CSE 353,0.12554509113542736
624,Technical Writing,CSE 353,0.1250926981898374
625,IT & Data Management,CSE 353,0.11664351597428321
626,People Operations,CSE 353,0.11373122986406088
627,Software Engineering,CSE 353,0.11198566947132349
628,Technical Solutions,CSE 353,0.1100552946794778
629,User Experience & Design,CSE 353,0.1091518223285675
630,Data Center & Network,CSE 353,0.10904720756225288
631,Manufacturing & Supply Chain,CSE 353,0.10687887484673411
632,Hardware Engineering,CSE 353,0.10536546125076711
633,Administrative,CSE 353,0.10335726543562487
634,Finance,CSE 353,0.10105098346248269
635,Marketing & Communications,CSE 353,0.09738344134530053
636,Network Engineering,CSE 353,0.08299565617926419
637,Technical Infrastructure,CSE 353,0.08087660126620903
638,Legal & Government Relations,CSE 353,0.07790991039946675
639,Business Strategy,CSE 353,0.0758954355493188
640,Sales Operations,CSE 353,0.07491858643479646
641,Sales & Account Management,CSE 353,0.06411594308447092
642,Product & Customer Support,CSE 353,0.06070626535802148
643,Developer Relations,CSE 353,0.029477056226460262
644,Technical Solutions,CSE 354,0.14489350318908692
645,Program Management,CSE 354,0.13690567947924137
646,IT & Data Management,CSE 354,0.13664798913523554
647,Data Center & Network,CSE 354,0.13246837267652153
648,Hardware Engineering,CSE 354,0.13061744070146233
649,Marketing & Communications,CSE 354,0.11980586829595267
650,Technical Infrastructure,CSE 354,0.11487474362365901
651,Partnerships,CSE 354,0.11304360597860068
652,Real Estate & Workplace Services,CSE 354,0.11304360597860068
653,User Experience & Design,CSE 354,0.11199496852932497
654,Finance,CSE 354,0.10707766585692298
655,Technical Writing,CSE 354,0.1068878717473126
656,Legal & Government Relations,CSE 354,0.10515725873410701
657,Business Strategy,CSE 354,0.09641190795227886
658,People Operations,CSE 354,0.0962277362588793
659,Manufacturing & Supply Chain,CSE 354,0.09420340738724917
660,Network Engineering,CSE 354,0.07678300199331715
661,Software Engineering,CSE 354,0.07418530977156479
662,Product & Customer Support,CSE 354,0.06952981711365283
663,Sales Operations,CSE 354,0.06569943028734997
664,Administrative,CSE 354,0.05649505839683115
665,Developer Relations,CSE 354,0.051606658892706034
666,Sales & Account Management,CSE 354,0.040072621102444826
667,Technical Solutions,CSE 355,0.16952448743669427
668,Hardware Engineering,CSE 355,0.15592507097650976
669,Data Center & Network,CSE 355,0.1483074827119708
670,Program Management,CSE 355,0.14418616145849228
671,Network Engineering,CSE 355,0.14189800625557408
672,IT & Data Management,CSE 355,0.14121371726779378
673,Marketing & Communications,CSE 355,0.1309171474593527
674,Technical Infrastructure,CSE 355,0.10942469441386707
675,Technical Writing,CSE 355,0.10746531128225957
676,User Experience & Design,CSE 355,0.10255090596483034
677,Business Strategy,CSE 355,0.10177719461567261
678,Partnerships,CSE 355,0.10098776067881023
679,Real Estate & Workplace Services,CSE 355,0.10098776067881023
680,Finance,CSE 355,0.09621891681351424
681,Manufacturing & Supply Chain,CSE 355,0.08226910795030348
682,Software Engineering,CSE 355,0.07933394041131525
683,People Operations,CSE 355,0.07869020805639379
684,Sales Operations,CSE 355,0.06418358266134472
685,Product & Customer Support,CSE 355,0.06211827777545242
686,Legal & Government Relations,CSE 355,0.05761982511509867
687,Sales & Account Management,CSE 355,0.05556891891447937
688,Developer Relations,CSE 355,0.04729693548613474
689,Administrative,CSE 355,0.03554950659985051
690,IT & Data Management,CSE 357,0.12477099429816008
691,User Experience & Design,CSE 357,0.12417888212949038
692,Hardware Engineering,CSE 357,0.1126317746937275
693,Technical Solutions,CSE 357,0.10734668327495456
694,Legal & Government Relations,CSE 357,0.10640228966367431
695,Software Engineering,CSE 357,0.10615242409985512
696,Partnerships,CSE 357,0.10221860096789896
697,Real Estate & Workplace Services,CSE 357,0.10221860096789896
698,Technical Writing,CSE 357,0.10152899282984436
699,People Operations,CSE 357,0.0939308362081647
700,Program Management,CSE 357,0.09305130839347839
701,Data Center & Network,CSE 357,0.09240407277829946
702,Marketing & Communications,CSE 357,0.08677939464105293
703,Technical Infrastructure,CSE 357,0.08535548851359635
704,Finance,CSE 357,0.08324314870405942
705,Business Strategy,CSE 357,0.08226189408451319
706,Sales Operations,CSE 357,0.06892109238542617
707,Network Engineering,CSE 357,0.06329864917788655
708,Manufacturing & Supply Chain,CSE 357,0.05675882946234197
709,Sales & Account Management,CSE 357,0.0522828305605799
710,Product & Customer Support,CSE 357,0.05205935277044773
711,Administrative,CSE 357,0.05062760656001046
712,Developer Relations,CSE 357,0.016572267221636138
713,Hardware Engineering,CSE 361,0.1567057264081086
714,Network Engineering,CSE 361,0.13604992204345762
715,Technical Writing,CSE 361,0.13575856792740523
716,Business Strategy,CSE 361,0.13517012894153596
717,IT & Data Management,CSE 361,0.1278245892841369
718,Finance,CSE 361,0.12316908249631524
719,Marketing & Communications,CSE 361,0.11777674685872626
720,Partnerships,CSE 361,0.11535961269401014
721,Real Estate & Workplace Services,CSE 361,0.11535961269401014
722,Program Management,CSE 361,0.11011184323579074
723,Technical Infrastructure,CSE 361,0.10478534563444555
724,Technical Solutions,CSE 361,0.10173525311984122
725,Product & Customer Support,CSE 361,0.10130146509036422
726,Data Center & Network,CSE 361,0.10055643524974585
727,User Experience & Design,CSE 361,0.0958924095815746
728,Software Engineering,CSE 361,0.0894720898475498
729,Manufacturing & Supply Chain,CSE 361,0.08552574871573597
730,People Operations,CSE 361,0.0838158790487796
731,Legal & Government Relations,CSE 361,0.07637086849426851
732,Sales Operations,CSE 361,0.04608343876898289
733,Sales & Account Management,CSE 361,0.043736238608835264
734,Developer Relations,CSE 361,0.030191697023110465
735,Administrative,CSE 361,0.028667783562559633
736,Hardware Engineering,CSE 362 ,0.1431307339991786
737,Technical Writing,CSE 362 ,0.13677111125894284
738,Business Strategy,CSE 362 ,0.11693958223010045
739,Network Engineering,CSE 362 ,0.11608462376323969
740,User Experience & Design,CSE 362 ,0.09602357863791679
741,Technical Solutions,CSE 362 ,0.09059078707114647
742,Data Center & Network,CSE 362 ,0.08744807992326586
743,Finance,CSE 362 ,0.08688126464288584
744,IT & Data Management,CSE 362 ,0.08658669339983087
745,Program Management,CSE 362 ,0.0853900206765454
746,Partnerships,CSE 362 ,0.08523094665112071
747,Real Estate & Workplace Services,CSE 362 ,0.08523094665112071
748,Marketing & Communications,CSE 362 ,0.08429871754426706
749,Legal & Government Relations,CSE 362 ,0.07698851858118647
750,Developer Relations,CSE 362 ,0.0762683121168888
751,Manufacturing & Supply Chain,CSE 362 ,0.07530936542408247
752,Technical Infrastructure,CSE 362 ,0.07033185087340443
753,People Operations,CSE 362 ,0.06135760831009401
754,Product & Customer Support,CSE 362 ,0.06078748669671385
755,Sales Operations,CSE 362 ,0.06071314088828666
756,Software Engineering,CSE 362 ,0.0533392117603829
757,Administrative,CSE 362 ,0.047783891425320975
758,Sales & Account Management,CSE 362 ,0.03177316079994565
759,Technical Solutions,CSE 363,0.15130957989022137
760,Program Management,CSE 363,0.12862996791955084
761,Data Center & Network,CSE 363,0.1270478539634496
762,Partnerships,CSE 363,0.11253619715571403
763,Real Estate & Workplace Services,CSE 363,0.11253619715571403
764,User Experience & Design,CSE 363,0.11039033569395543
765,Hardware Engineering,CSE 363,0.10861892490647733
766,Finance,CSE 363,0.10720322486013174
767,Technical Infrastructure,CSE 363,0.10624781346414239
768,Manufacturing & Supply Chain,CSE 363,0.10614963888656348
769,Legal & Government Relations,CSE 363,0.10048843694385141
770,IT & Data Management,CSE 363,0.09737388382200152
771,Software Engineering,CSE 363,0.09591115796938539
772,People Operations,CSE 363,0.09082948146387934
773,Marketing & Communications,CSE 363,0.08720337941776961
774,Sales Operations,CSE 363,0.08630447695031762
775,Network Engineering,CSE 363,0.0859602507436648
776,Technical Writing,CSE 363,0.08319806871004402
777,Product & Customer Support,CSE 363,0.06592766577377915
778,Sales & Account Management,CSE 363,0.06537500019185245
779,Administrative,CSE 363,0.06369364244164899
780,Business Strategy,CSE 363,0.06260113981552422
781,Developer Relations,CSE 363,-0.0020558054209686817
782,Hardware Engineering,CSE 364,0.15947827114723623
783,Business Strategy,CSE 364,0.13679159939703014
784,IT & Data Management,CSE 364,0.12227586396410414
785,Technical Solutions,CSE 364,0.11640295903715822
786,User Experience & Design,CSE 364,0.11175442280040847
787,Technical Writing,CSE 364,0.10779266152530909
788,Network Engineering,CSE 364,0.10767473694350985
789,Legal & Government Relations,CSE 364,0.10685752994484371
790,Program Management,CSE 364,0.09469049144536257
791,Finance,CSE 364,0.09264431655820873
792,People Operations,CSE 364,0.08582543483417895
793,Product & Customer Support,CSE 364,0.08507164438358611
794,Data Center & Network,CSE 364,0.08244562045567566
795,Developer Relations,CSE 364,0.07787349147515164
796,Marketing & Communications,CSE 364,0.07274067370841901
797,Partnerships,CSE 364,0.07042348162374562
798,Real Estate & Workplace Services,CSE 364,0.07042348162374562
799,Manufacturing & Supply Chain,CSE 364,0.06762615353282955
800,Technical Infrastructure,CSE 364,0.06446252794315417
801,Software Engineering,CSE 364,0.061234573574943676
802,Administrative,CSE 364,0.04978667604316595
803,Sales Operations,CSE 364,0.0398845157534298
804,Sales & Account Management,CSE 364,0.023947810728309885
805,User Experience & Design,CSE 366,0.1633514406469961
806,Program Management,CSE 366,0.14477258341179955
807,Hardware Engineering,CSE 366,0.13394615395615497
808,IT & Data Management,CSE 366,0.1336680551369985
809,Data Center & Network,CSE 366,0.13033064188332194
810,Technical Writing,CSE 366,0.12773374017948905
811,Partnerships,CSE 366,0.1203575570964151
812,Real Estate & Workplace Services,CSE 366,0.1203575570964151
813,Technical Infrastructure,CSE 366,0.11739271157421172
814,Finance,CSE 366,0.11496846595158179
815,People Operations,CSE 366,0.11355213158660465
816,Technical Solutions,CSE 366,0.11220500018033716
817,Marketing & Communications,CSE 366,0.1007131372526702
818,Network Engineering,CSE 366,0.10000330980660187
819,Software Engineering,CSE 366,0.09887914442353779
820,Legal & Government Relations,CSE 366,0.09298720442327774
821,Manufacturing & Supply Chain,CSE 366,0.09004809622031947
822,Administrative,CSE 366,0.08860255236827976
823,Product & Customer Support,CSE 366,0.07842642330150637
824,Business Strategy,CSE 366,0.07750556063062201
825,Sales Operations,CSE 366,0.06680198308701317
826,Sales & Account Management,CSE 366,0.06267670538282902
827,Developer Relations,CSE 366,0.0310206395548044
828,Network Engineering,CSE 370,0.20745633088517934
829,Hardware Engineering,CSE 370,0.15019895164296032
830,Program Management,CSE 370,0.13999851465341634
831,IT & Data Management,CSE 370,0.12134254740085453
832,Technical Writing,CSE 370,0.11984182111918926
833,Marketing & Communications,CSE 370,0.11716742827557028
834,Data Center & Network,CSE 370,0.1125395791605115
835,Technical Solutions,CSE 370,0.11172712482511997
836,Partnerships,CSE 370,0.1093208025675267
837,Real Estate & Workplace Services,CSE 370,0.1093208025675267
838,Software Engineering,CSE 370,0.09677185588516295
839,User Experience & Design,CSE 370,0.09587694997899235
840,Business Strategy,CSE 370,0.09364932579919696
841,Product & Customer Support,CSE 370,0.09096195712918416
842,Legal & Government Relations,CSE 370,0.09002722133882343
843,Finance,CSE 370,0.08737019496038556
844,Technical Infrastructure,CSE 370,0.08466548521537334
845,People Operations,CSE 370,0.07534188413992524
846,Manufacturing & Supply Chain,CSE 370,0.07410355254542082
847,Developer Relations,CSE 370,0.06493272916413843
848,Sales Operations,CSE 370,0.06284421719610692
849,Administrative,CSE 370,0.05859556719660759
850,Sales & Account Management,CSE 370,0.04919622679008171
851,IT & Data Management,CSE 373,0.14044684718828648
852,Business Strategy,CSE 373,0.11078380066901446
853,Legal & Government Relations,CSE 373,0.10976880798116326
854,Hardware Engineering,CSE 373,0.10917028861586005
855,Technical Writing,CSE 373,0.10383353882934898
856,Partnerships,CSE 373,0.1037761100975331
857,Real Estate & Workplace Services,CSE 373,0.1037761100975331
858,Technical Solutions,CSE 373,0.10251760273240507
859,Data Center & Network,CSE 373,0.09828354562632739
860,Program Management,CSE 373,0.09549762196838855
861,Finance,CSE 373,0.08791935727640521
862,User Experience & Design,CSE 373,0.08175186783773825
863,Network Engineering,CSE 373,0.08104626159183681
864,Marketing & Communications,CSE 373,0.07568779550492763
865,Software Engineering,CSE 373,0.06972490409389138
866,Product & Customer Support,CSE 373,0.06447964929975569
867,People Operations,CSE 373,0.06096936308895238
868,Technical Infrastructure,CSE 373,0.058777432213537394
869,Manufacturing & Supply Chain,CSE 373,0.0549630325025646
870,Administrative,CSE 373,0.04445619742618874
871,Sales Operations,CSE 373,0.03494293515686877
872,Developer Relations,CSE 373,0.027334676450118424
873,Sales & Account Management,CSE 373,0.01826809864724055
874,Hardware Engineering,CSE 376,0.17893502656002774
875,Technical Writing,CSE 376,0.16315127468030705
876,Program Management,CSE 376,0.13378991617968208
877,Network Engineering,CSE 376,0.13353593093588165
878,Software Engineering,CSE 376,0.1331818590038701
879,Data Center & Network,CSE 376,0.13227470895569576
880,Marketing & Communications,CSE 376,0.13128938702376267
881,Technical Solutions,CSE 376,0.13001261377020887
882,Partnerships,CSE 376,0.12791515250175603
883,Real Estate & Workplace Services,CSE 376,0.12791515250175603
884,IT & Data Management,CSE 376,0.12567009335677876
885,Technical Infrastructure,CSE 376,0.11438895842844718
886,Finance,CSE 376,0.11384409950359871
887,User Experience & Design,CSE 376,0.11124920585241757
888,Business Strategy,CSE 376,0.10250827925598346
889,Manufacturing & Supply Chain,CSE 376,0.09636123799473832
890,People Operations,CSE 376,0.09569159704015444
891,Product & Customer Support,CSE 376,0.07984493565010398
892,Legal & Government Relations,CSE 376,0.07494806978655488
893,Sales & Account Management,CSE 376,0.05829639165466161
894,Developer Relations,CSE 376,0.05400479570227234
895,Sales Operations,CSE 376,0.040301098292203325
896,Administrative,CSE 376,0.026446320251316616
897,Technical Solutions,CSE 377,0.18172155824654243
898,Hardware Engineering,CSE 377,0.15175800852696686
899,Business Strategy,CSE 377,0.12371714928132646
900,IT & Data Management,CSE 377,0.12048257449093987
901,Network Engineering,CSE 377,0.11499803810832365
902,Technical Writing,CSE 377,0.10871750434093616
903,Program Management,CSE 377,0.10387221899102717
904,User Experience & Design,CSE 377,0.10119640465606661
905,Data Center & Network,CSE 377,0.10081869687008507
906,Technical Infrastructure,CSE 377,0.09680283324354712
907,Finance,CSE 377,0.09136451761621762
908,Partnerships,CSE 377,0.08318953446167357
909,Real Estate & Workplace Services,CSE 377,0.08318953446167357
910,Legal & Government Relations,CSE 377,0.08158673965098227
911,Software Engineering,CSE 377,0.0704495895154062
912,Developer Relations,CSE 377,0.06918707161265261
913,Manufacturing & Supply Chain,CSE 377,0.06843403581639423
914,Administrative,CSE 377,0.06519526473301299
915,Marketing & Communications,CSE 377,0.06385609228163958
916,People Operations,CSE 377,0.06164303378147237
917,Product & Customer Support,CSE 377,0.057556630988769675
918,Sales Operations,CSE 377,0.04663035641972195
919,Sales & Account Management,CSE 377,0.031727612018585205
920,User Experience & Design,CSE 378,0.14976445105122893
921,Finance,CSE 378,0.14886901390395665
922,Partnerships,CSE 378,0.1406058239088835
923,Real Estate & Workplace Services,CSE 378,0.1406058239088835
924,Data Center & Network,CSE 378,0.1362536904451094
925,Hardware Engineering,CSE 378,0.13495397695193165
926,Technical Solutions,CSE 378,0.12135640178856097
927,IT & Data Management,CSE 378,0.1144180498331001
928,Technical Writing,CSE 378,0.1118855066107292
929,Program Management,CSE 378,0.10897974635621435
930,Legal & Government Relations,CSE 378,0.10394595783988111
931,Technical Infrastructure,CSE 378,0.1000748758792485
932,Software Engineering,CSE 378,0.09870200721841109
933,Business Strategy,CSE 378,0.09611442881195169
934,Network Engineering,CSE 378,0.08952893503010273
935,People Operations,CSE 378,0.0776733017930957
936,Marketing & Communications,CSE 378,0.07457256380860743
937,Manufacturing & Supply Chain,CSE 378,0.07273579702565544
938,Administrative,CSE 378,0.06006373529549149
939,Product & Customer Support,CSE 378,0.058487516043609696
940,Sales Operations,CSE 378,0.057886783376728236
941,Sales & Account Management,CSE 378,0.0404196388630417
942,Developer Relations,CSE 378,0.03564269311333958
943,Technical Solutions,CSE 380,0.1902896322309971
944,User Experience & Design,CSE 380,0.15783059038221836
945,Hardware Engineering,CSE 380,0.1544159588404
946,Program Management,CSE 380,0.149597661010921
947,Data Center & Network,CSE 380,0.14463008102029562
948,Technical Writing,CSE 380,0.13910251744091512
949,IT & Data Management,CSE 380,0.12213327549397945
950,Marketing & Communications,CSE 380,0.11078878464177251
951,Network Engineering,CSE 380,0.10884600162971765
952,Legal & Government Relations,CSE 380,0.09594865336548537
953,Sales Operations,CSE 380,0.09316402734257281
954,Business Strategy,CSE 380,0.09214664326427738
955,People Operations,CSE 380,0.08910690825432539
956,Partnerships,CSE 380,0.08557156578754074
957,Real Estate & Workplace Services,CSE 380,0.08557156578754074
958,Software Engineering,CSE 380,0.07827464658766985
959,Technical Infrastructure,CSE 380,0.07664898931980133
960,Administrative,CSE 380,0.07182336952537298
961,Manufacturing & Supply Chain,CSE 380,0.0684966218424961
962,Finance,CSE 380,0.0626529225584818
963,Sales & Account Management,CSE 380,0.05893927994184196
964,Product & Customer Support,CSE 380,0.040422880335245284
965,Developer Relations,CSE 380,0.02919095001416281
966,Data Center & Network,CSE 381,0.13598843128420413
967,Program Management,CSE 381,0.12157296035438776
968,User Experience & Design,CSE 381,0.10991845100652427
969,Software Engineering,CSE 381,0.10949290944263339
970,Technical Infrastructure,CSE 381,0.10850621801801026
971,Partnerships,CSE 381,0.10571028063423
972,Real Estate & Workplace Services,CSE 381,0.10571028063423
973,Hardware Engineering,CSE 381,0.10383102449122816
974,Legal & Government Relations,CSE 381,0.10253507010638714
975,IT & Data Management,CSE 381,0.09746105400845409
976,Technical Writing,CSE 381,0.09547147913835943
977,Technical Solutions,CSE 381,0.09491473874077201
978,Sales Operations,CSE 381,0.08578122495673597
979,Finance,CSE 381,0.08396478504582774
980,People Operations,CSE 381,0.07728219162672759
981,Marketing & Communications,CSE 381,0.07324027121067048
982,Network Engineering,CSE 381,0.06659999738913029
983,Manufacturing & Supply Chain,CSE 381,0.06493759450968355
984,Business Strategy,CSE 381,0.06485806426644558
985,Administrative,CSE 381,0.051897171812015586
986,Product & Customer Support,CSE 381,0.040025589428842066
987,Sales & Account Management,CSE 381,0.039499577577225865
988,Developer Relations,CSE 381,0.009092114598024637
989,Hardware Engineering,CSE 416,0.18581870349589735
990,Technical Solutions,CSE 416,0.16368784867227076
991,Data Center & Network,CSE 416,0.14128214940428735
992,Technical Writing,CSE 416,0.13923355852020905
993,Program Management,CSE 416,0.13593156300485135
994,IT & Data Management,CSE 416,0.13280494431965054
995,Marketing & Communications,CSE 416,0.12398507734760641
996,Partnerships,CSE 416,0.11423626934993081
997,Real Estate & Workplace Services,CSE 416,0.11423626934993081
998,Software Engineering,CSE 416,0.11017388608306647
999,Network Engineering,CSE 416,0.10976964482106269
1000,Technical Infrastructure,CSE 416,0.10836604102514684
1001,Finance,CSE 416,0.10511572281538975
1002,User Experience & Design,CSE 416,0.10284878560341895
1003,Manufacturing & Supply Chain,CSE 416,0.097499815444462
1004,People Operations,CSE 416,0.09459025599062443
1005,Legal & Government Relations,CSE 416,0.09418093012936879
1006,Business Strategy,CSE 416,0.07463181041421194
1007,Product & Customer Support,CSE 416,0.07014055056497455
1008,Sales Operations,CSE 416,0.06502234456129372
1009,Administrative,CSE 416,0.050947956141317266
1010,Sales & Account Management,CSE 416,0.046596684493124485
1011,Developer Relations,CSE 416,0.028920786315575243
